{
    "accuracy": 0.6297273526824978,
    "precision": 0.5959035144876368,
    "recall": 0.6297273526824978
}
