{
   "accuracy": 0.6349642660802639,
   "precision": 0.6272562924698876,
   "recall": 0.6349642660802639
}